Abby,Copper
Allie,Dexter
Angel,Diesel
Annie,Duke
Athena,Otis
Baby,Peanut
Bailey,Prince
Bella,Rex
Belle,Riley
Bonnie,Rocco
Brandy,Rocky
Cali,Romeo
Callie,Roscoe
Casey,Rudy
Charlie,Rufus
Chloe,Rusty
Cleo,Sam
Coco,Sammy
Cocoa,Samson
Cookie,Scooter
Daisy,Scout
Dakota,Shadow
Dixie,Simba
Ella,Sparky
Ellie,Spike
Emma,Tank
Gigi,Teddy
Ginger,Thor
Grace,Toby
Gracie,Tucker
Hannah,Tyson
Harley,Vader
Hazel,Winston
Heidi,Yoda
Holly,Zeus
Honey,Ziggy
Izzy,Elvis
Jasmine,Finn
Josie,Frankie
Katie,George
Kona,Gizmo
Lacey,Gunner
Lady,Gus
Layla,Hank
Lexi,Harley
Lilly,Hunter
Lily,Jack
Lola,Jackson
Lucky,Jake
Lucy,Jasper
Lulu,Jax
Luna,Joey
Macy,Kobe
Maddie,Leo
Madison,Loki
Maggie,Louie
Marley,Lucky
Maya,Luke
Mia,Mac
Millie,Marley
Mimi,Max
Minnie,Mickey
Missy,Milo
Misty,Moose
Mocha,Murphy
Molly,Oliver
Nala,Ollie
Nikki,Oreo
Olive,Oscar
Peanut,Ace
Pebbles,Apollo
Penny,Bailey
Pepper,Bandit
Phoebe,Baxter
Piper,Bear
Princie Beau,
Riley,Benji
Rosie,Benny
Roxie,Bentley
Roxy,Blue
Ruby,Bo
Sadie,Boomer
Sally,Brady
Sandy,Brody
Sasha,Bruno
Sassy,Brutus
Scout,Bubba
Shadow,Buddy
Shelby,Buster
Sierra,Cash
Sophie,Champ
Stella,Chance
Sugar,Charlie
Sydney,Chase
Trixie,Chester
Willow,Chico
Winnie,Coco
Zoe,Cody
Zoey,Cooper
Lexie,Henry
